Workbook

Sheet Instructions
B1: Biologger deployment sheet
B2: Template version 0.5 (2026-10-30)
B5: About this template
B6: Purpose | C6: This template is meant to assist consistent recording of biologging metadata for long-term monitoring projects at Middleton and Coats Island. It could be modified for other projects and study sites. Following the recommended format ensures the required data are recorded and correctly formatted for the biologging database.
B7: Files and sheets | C7: Create a separate file for each site, species and field season. Save it as <site>_<Species>_<year>_Deployments.xlsx, using the four-letter species code (for example Coats_TBMU_2026_Deployments.xlsx). Record all biologging deployments for that site, species and year in the same sheet, even when they belong to different student projects. To show which project a deployment belongs to, add an extra column at the far right (for example, project).
B8: One row per deployment | C8: Every deployment gets its own row. A deployment is one release of a bird with one or more loggers, so a bird that carries several loggers at the same time still takes one row. If a bird is released again with a logger later (a new release time), that is a new deployment and a new row, even for the same logger or the same bird in the same year. The release date is part of the dep_id, which keeps these rows distinct.
B10: How to use this sheet
B11: Where to type | C11: Enter deployments on the 'Deployments' sheet only. The 'Example' sheet shows two filled rows for reference, 'Lists' holds the site, subsite and species tables, and 'Data dictionary' explains every column.
B12: Fill in this order | C12: Work from left to right: site and subsite first, then the bird (species, metal_band, colour_band), then time_released and the logger IDs. The light blue columns (dep_lon, dep_lat and dep_id) fill themselves in. Type over them if you need to change them.
B13: dep_id | C13: Filled in automatically as <loggerid>_<metalband>_<yyyymmdd>, using the first logger ID in the row, the metal band and the local release date, e.g. A12_123456789_20261014. It must be unique across the whole program. The cell turns pink if it does not follow this pattern or is repeated in the sheet.
B14: Site, subsite and species | C14: Choose them from the drop-downs. The subsite list depends on the site. Where a site has no subsites, the subsite repeats the site name (CGM, PLI).
B15: Coordinates | C15: dep_lon and dep_lat are filled in from the Lists sheet once the site and subsite are chosen. If you have a measured position, type it over the prefilled value (decimal degrees, west and south are negative).
B16: Dates and times | C16: Local time at the site, 24-hour, typed as yyyy-mm-dd hh:mm (e.g. 2026-10-14 09:30). Type the full date and time; do not paste text. A cell turns pink if it is not a real date and time. The time zone is entered once when the sheet is processed in R, not in the sheet.
B17: Recapture time | C17: Fill it in for every logger that has to be recovered (e.g. Axy-trek). It can stay blank for remote-download loggers (e.g. Ecotone); all data after release are then kept. The cell turns yellow when a row has an acc_id but no recapture time.
B18: Logger IDs | C18: Fill the teal columns for each logger on the bird, if used. An Axy-trek goes in gps_id, tdr_id and acc_id.
B19: Adding sites, subsites or species | C19: You can edit the tables on the 'Lists' sheet. A new site, subsite or species must be added to the database before its data are uploaded, and it must be spelled exactly the same in both places.
B20: Extra columns | C20: Add any additional columns at the far right of the sheet, after exclude, and nowhere else. A column inserted inside the sheet can inherit the drop-downs and validation of its neighbours, and one inserted among the logger columns would break the automatic dep_id. Extra columns (for example project) are carried into the database only if they are listed in the keep argument of formatDeployments().
B21: Raw data files | C21: Keep the raw files from each tag type in their own folder. For loggers where each deployment generates its own file (e.g. Axy-trek or Cattrack), the file name must contain the dep_id (e.g. A12_123456789_20261014.csv). Ecotone files are matched by logger ID inside the data, so their names do not matter.
B22: Using the sheet in R | C22: File > Save As > CSV UTF-8 (this saves only the sheet you are on, so do it from 'Deployments'). Delete the empty rows below your last deployment first, otherwise they may be saved as blank lines. Read the CSV with read.csv() and pass it to formatDeployments().
B24: Colour key for column headings
B25: Required | C25: Must be filled in for every deployment (colour_band may be blank; for time_recaptured see above).
B26: Logger ID | C26: Fill the ID of each logger deployed on the bird, if used.
B27: Optional | C27: Fill in when you have the information.
B28: Middleton kittiwakes only | C28: Only for black-legged kittiwakes at Middleton. Leave blank for other species and sites.
B29: Light blue cells | C29: Filled in automatically (dep_id, dep_lon, dep_lat). Type over them to change the value for that row.

Sheet Deployments
A1: site | B1: subsite | C1: dep_lon | D1: dep_lat | E1: species | F1: metal_band | G1: colour_band | H1: nest | I1: time_released | J1: status_on | K1: mass_on | L1: fed_unfed | M1: gps_id | N1: tdr_id | O1: acc_id | P1: gls_id | Q1: mag_id | R1: cam_id | S1: hrl_id | T1: dep_id | U1: time_recaptured | V1: status_off | W1: mass_off | X1: exclude
C2: =IF(OR(A2="",B2=""),"",IFERROR(INDEX(Lists!$C$2:$C$60,MATCH(A2&"|"&B2,Lists!$E$2:$E$60,0)),"")) | D2: =IF(OR(A2="",B2=""),"",IFERROR(INDEX(Lists!$D$2:$D$60,MATCH(A2&"|"&B2,Lists!$E$2:$E$60,0)),"")) | T2: =IF(OR(F2="",NOT(ISNUMBER(I2)),COUNTA(M2:S2)=0),"",IF(M2<>"",M2,IF(N2<>"",N2,IF(O2<>"",O2,IF(P2<>"",P2,IF(Q2<>"",Q2,IF(R2<>"",R2,S2))))))&"_"&F2&"_"&YEAR(I2)&TEXT(MONTH(I2),"00")&TEXT(DAY(I2),"00"))
C3: =IF(OR(A3="",B3=""),"",IFERROR(INDEX(Lists!$C$2:$C$60,MATCH(A3&"|"&B3,Lists!$E$2:$E$60,0)),"")) | D3: =IF(OR(A3="",B3=""),"",IFERROR(INDEX(Lists!$D$2:$D$60,MATCH(A3&"|"&B3,Lists!$E$2:$E$60,0)),"")) | T3: =IF(OR(F3="",NOT(ISNUMBER(I3)),COUNTA(M3:S3)=0),"",IF(M3<>"",M3,IF(N3<>"",N3,IF(O3<>"",O3,IF(P3<>"",P3,IF(Q3<>"",Q3,IF(R3<>"",R3,S3))))))&"_"&F3&"_"&YEAR(I3)&TEXT(MONTH(I3),"00")&TEXT(DAY(I3),"00"))
C4: =IF(OR(A4="",B4=""),"",IFERROR(INDEX(Lists!$C$2:$C$60,MATCH(A4&"|"&B4,Lists!$E$2:$E$60,0)),"")) | D4: =IF(OR(A4="",B4=""),"",IFERROR(INDEX(Lists!$D$2:$D$60,MATCH(A4&"|"&B4,Lists!$E$2:$E$60,0)),"")) | T4: =IF(OR(F4="",NOT(ISNUMBER(I4)),COUNTA(M4:S4)=0),"",IF(M4<>"",M4,IF(N4<>"",N4,IF(O4<>"",O4,IF(P4<>"",P4,IF(Q4<>"",Q4,IF(R4<>"",R4,S4))))))&"_"&F4&"_"&YEAR(I4)&TEXT(MONTH(I4),"00")&TEXT(DAY(I4),"00"))
C5: =IF(OR(A5="",B5=""),"",IFERROR(INDEX(Lists!$C$2:$C$60,MATCH(A5&"|"&B5,Lists!$E$2:$E$60,0)),"")) | D5: =IF(OR(A5="",B5=""),"",IFERROR(INDEX(Lists!$D$2:$D$60,MATCH(A5&"|"&B5,Lists!$E$2:$E$60,0)),"")) | T5: =IF(OR(F5="",NOT(ISNUMBER(I5)),COUNTA(M5:S5)=0),"",IF(M5<>"",M5,IF(N5<>"",N5,IF(O5<>"",O5,IF(P5<>"",P5,IF(Q5<>"",Q5,IF(R5<>"",R5,S5))))))&"_"&F5&"_"&YEAR(I5)&TEXT(MONTH(I5),"00")&TEXT(DAY(I5),"00"))
C6: =IF(OR(A6="",B6=""),"",IFERROR(INDEX(Lists!$C$2:$C$60,MATCH(A6&"|"&B6,Lists!$E$2:$E$60,0)),"")) | D6: =IF(OR(A6="",B6=""),"",IFERROR(INDEX(Lists!$D$2:$D$60,MATCH(A6&"|"&B6,Lists!$E$2:$E$60,0)),"")) | T6: =IF(OR(F6="",NOT(ISNUMBER(I6)),COUNTA(M6:S6)=0),"",IF(M6<>"",M6,IF(N6<>"",N6,IF(O6<>"",O6,IF(P6<>"",P6,IF(Q6<>"",Q6,IF(R6<>"",R6,S6))))))&"_"&F6&"_"&YEAR(I6)&TEXT(MONTH(I6),"00")&TEXT(DAY(I6),"00"))
C7: =IF(OR(A7="",B7=""),"",IFERROR(INDEX(Lists!$C$2:$C$60,MATCH(A7&"|"&B7,Lists!$E$2:$E$60,0)),"")) | D7: =IF(OR(A7="",B7=""),"",IFERROR(INDEX(Lists!$D$2:$D$60,MATCH(A7&"|"&B7,Lists!$E$2:$E$60,0)),"")) | T7: =IF(OR(F7="",NOT(ISNUMBER(I7)),COUNTA(M7:S7)=0),"",IF(M7<>"",M7,IF(N7<>"",N7,IF(O7<>"",O7,IF(P7<>"",P7,IF(Q7<>"",Q7,IF(R7<>"",R7,S7))))))&"_"&F7&"_"&YEAR(I7)&TEXT(MONTH(I7),"00")&TEXT(DAY(I7),"00"))
C8: =IF(OR(A8="",B8=""),"",IFERROR(INDEX(Lists!$C$2:$C$60,MATCH(A8&"|"&B8,Lists!$E$2:$E$60,0)),"")) | D8: =IF(OR(A8="",B8=""),"",IFERROR(INDEX(Lists!$D$2:$D$60,MATCH(A8&"|"&B8,Lists!$E$2:$E$60,0)),"")) | T8: =IF(OR(F8="",NOT(ISNUMBER(I8)),COUNTA(M8:S8)=0),"",IF(M8<>"",M8,IF(N8<>"",N8,IF(O8<>"",O8,IF(P8<>"",P8,IF(Q8<>"",Q8,IF(R8<>"",R8,S8))))))&"_"&F8&"_"&YEAR(I8)&TEXT(MONTH(I8),"00")&TEXT(DAY(I8),"00"))
C9: =IF(OR(A9="",B9=""),"",IFERROR(INDEX(Lists!$C$2:$C$60,MATCH(A9&"|"&B9,Lists!$E$2:$E$60,0)),"")) | D9: =IF(OR(A9="",B9=""),"",IFERROR(INDEX(Lists!$D$2:$D$60,MATCH(A9&"|"&B9,Lists!$E$2:$E$60,0)),"")) | T9: =IF(OR(F9="",NOT(ISNUMBER(I9)),COUNTA(M9:S9)=0),"",IF(M9<>"",M9,IF(N9<>"",N9,IF(O9<>"",O9,IF(P9<>"",P9,IF(Q9<>"",Q9,IF(R9<>"",R9,S9))))))&"_"&F9&"_"&YEAR(I9)&TEXT(MONTH(I9),"00")&TEXT(DAY(I9),"00"))
C10: =IF(OR(A10="",B10=""),"",IFERROR(INDEX(Lists!$C$2:$C$60,MATCH(A10&"|"&B10,Lists!$E$2:$E$60,0)),"")) | D10: =IF(OR(A10="",B10=""),"",IFERROR(INDEX(Lists!$D$2:$D$60,MATCH(A10&"|"&B10,Lists!$E$2:$E$60,0)),"")) | T10: =IF(OR(F10="",NOT(ISNUMBER(I10)),COUNTA(M10:S10)=0),"",IF(M10<>"",M10,IF(N10<>"",N10,IF(O10<>"",O10,IF(P10<>"",P10,IF(Q10<>"",Q10,IF(R10<>"",R10,S10))))))&"_"&F10&"_"&YEAR(I10)&TEXT(MONTH(I10),"00")&TEXT(DAY(I10),"00"))
C11: =IF(OR(A11="",B11=""),"",IFERROR(INDEX(Lists!$C$2:$C$60,MATCH(A11&"|"&B11,Lists!$E$2:$E$60,0)),"")) | D11: =IF(OR(A11="",B11=""),"",IFERROR(INDEX(Lists!$D$2:$D$60,MATCH(A11&"|"&B11,Lists!$E$2:$E$60,0)),"")) | T11: =IF(OR(F11="",NOT(ISNUMBER(I11)),COUNTA(M11:S11)=0),"",IF(M11<>"",M11,IF(N11<>"",N11,IF(O11<>"",O11,IF(P11<>"",P11,IF(Q11<>"",Q11,IF(R11<>"",R11,S11))))))&"_"&F11&"_"&YEAR(I11)&TEXT(MONTH(I11),"00")&TEXT(DAY(I11),"00"))
C12: =IF(OR(A12="",B12=""),"",IFERROR(INDEX(Lists!$C$2:$C$60,MATCH(A12&"|"&B12,Lists!$E$2:$E$60,0)),"")) | D12: =IF(OR(A12="",B12=""),"",IFERROR(INDEX(Lists!$D$2:$D$60,MATCH(A12&"|"&B12,Lists!$E$2:$E$60,0)),"")) | T12: =IF(OR(F12="",NOT(ISNUMBER(I12)),COUNTA(M12:S12)=0),"",IF(M12<>"",M12,IF(N12<>"",N12,IF(O12<>"",O12,IF(P12<>"",P12,IF(Q12<>"",Q12,IF(R12<>"",R12,S12))))))&"_"&F12&"_"&YEAR(I12)&TEXT(MONTH(I12),"00")&TEXT(DAY(I12),"00"))
C13: =IF(OR(A13="",B13=""),"",IFERROR(INDEX(Lists!$C$2:$C$60,MATCH(A13&"|"&B13,Lists!$E$2:$E$60,0)),"")) | D13: =IF(OR(A13="",B13=""),"",IFERROR(INDEX(Lists!$D$2:$D$60,MATCH(A13&"|"&B13,Lists!$E$2:$E$60,0)),"")) | T13: =IF(OR(F13="",NOT(ISNUMBER(I13)),COUNTA(M13:S13)=0),"",IF(M13<>"",M13,IF(N13<>"",N13,IF(O13<>"",O13,IF(P13<>"",P13,IF(Q13<>"",Q13,IF(R13<>"",R13,S13))))))&"_"&F13&"_"&YEAR(I13)&TEXT(MONTH(I13),"00")&TEXT(DAY(I13),"00"))
... C2000: =IF(OR(A2000="",B2000=""),"",IFERROR(INDEX(Lists!$C$2:$C$60,MATCH(A2000&"|"&B2000,Lists!$E$2:$E$60,0)),"")) | D2000: =IF(OR(A2000="",B2000=""),"",IFERROR(INDEX(Lists!$D$2:$D$60,MATCH(A2000&"|"&B2000,Lists!$E$2:$E$60,0)),"")) | T2000: =IF(OR(F2000="",NOT(ISNUMBER(I2000)),COUNTA(M2000:S2000)=0),"",IF(M2000<>"",M2000,IF(N2000<>"",N2000,IF(O2000<>"",O2000,IF(P2000<>"",P2000,IF(Q2000<>"",Q2000,IF(R2000<>"",R2000,S2000))))))&"_"&F2000&"_"&YEAR(I2000)&TEXT(MONTH(I2000),"00")&TEXT(DAY(I2000),"00"))

Sheet Example
A1: site | B1: subsite | C1: dep_lon | D1: dep_lat | E1: species | F1: metal_band | G1: colour_band | H1: nest | I1: time_released | J1: status_on | K1: mass_on | L1: fed_unfed | M1: gps_id | N1: tdr_id | O1: acc_id | P1: gls_id | Q1: mag_id | R1: cam_id | S1: hrl_id | T1: dep_id | U1: time_recaptured | V1: status_off | W1: mass_off | X1: exclude
A2: Coats | B2: Coats West | C2: -82.01 | D2: 62.95 | E2: TBMU | F2: 123456789 | G2: X/M-X/R | H2: N042 | I2: 46309.396 | J2: E | K2: 410 | M2: A12 | N2: A12 | O2: A12 | T2: A12_123456789_20261014 | U2: 46315.587 | V2: E | W2: 402
A3: Coats | B3: Coats East | C3: -81.98 | D3: 62.95 | E3: TBMU | F3: 987654321 | H3: N108 | I3: 46310.469 | J3: C | K3: 395 | M3: E07 | T3: E07_987654321_20261015
A5: Example only: two fictional deployments, an Axy-trek that was recovered and an Ecotone that downloads remotely. Do not enter data here.

Sheet Lists
A1: site | B1: subsite | C1: subsite_lon | D1: subsite_lat | E1: key (do not edit) | G1: site list | I1: species list | M1: How to edit these lists
A2: Coats | B2: Coats West | C2: -82.01 | D2: 62.95 | E2: =IF(A2="","",A2&"|"&B2) -> Coats|Coats West | G2: Coats | I2: TBMU | M2: Site and subsite table (columns A to D): one row per subsite with its reference position in decimal degrees.
A3: Coats | B3: Coats East | C3: -81.98 | D3: 62.95 | E3: =IF(A3="","",A3&"|"&B3) -> Coats|Coats East | G3: CGM | I3: BLKI | M3: Keep all rows for the same site together, with no blank rows between them. Add new rows below the last one.
A4: Middleton | B4: Rhino | C4: -146.3345 | D4: 59.43593 | E4: =IF(A4="","",A4&"|"&B4) -> Middleton|Rhino | G4: PLI | I4: TUPU | M4: Where a site has no subsites, repeat the site name in the subsite column.
A5: Middleton | B5: Tower | C5: -146.32896 | D5: 59.43776 | E5: =IF(A5="","",A5&"|"&B5) -> Middleton|Tower | G5: Digges | I5: GLGU | M5: Site list (column G) feeds the site drop-down. A new site must be added here and in the table.
A6: Middleton | B6: Wash | C6: -146.32016 | D6: 59.43119 | E6: =IF(A6="","",A6&"|"&B6) -> Middleton|Wash | G6: Middleton | I6: BLGU | M6: Species list (column I) feeds the species drop-down.
A7: Middleton | B7: TUPU | C7: -146.33266 | D7: 59.41783 | E7: =IF(A7="","",A7&"|"&B7) -> Middleton|TUPU | I7: RHAU | M7: A new site, subsite or species must also be added to the database before its data are uploaded, spelled exactly the same.
A8: Digges | B8: S | C8: -77.73197 | D8: 62.55411 | E8: =IF(A8="","",A8&"|"&B8) -> Digges|S | I8: PECO | M8: The table has room up to row 60, the site list up to row 21 and the species list up to row 41.
A9: Digges | B9: J | C9: -77.73171 | D9: 62.55296 | E9: =IF(A9="","",A9&"|"&B9) -> Digges|J
A10: CGM | B10: CGM | C10: -76.07 | D10: 72.94 | E10: =IF(A10="","",A10&"|"&B10) -> CGM|CGM
A11: PLI | B11: PLI | C11: -89.92 | D11: 74.02 | E11: =IF(A11="","",A11&"|"&B11) -> PLI|PLI
E12: =IF(A12="","",A12&"|"&B12)
E13: =IF(A13="","",A13&"|"&B13)
E14: =IF(A14="","",A14&"|"&B14)
E15: =IF(A15="","",A15&"|"&B15)
E16: =IF(A16="","",A16&"|"&B16)
E17: =IF(A17="","",A17&"|"&B17)
E18: =IF(A18="","",A18&"|"&B18)
E19: =IF(A19="","",A19&"|"&B19)
E20: =IF(A20="","",A20&"|"&B20)
E21: =IF(A21="","",A21&"|"&B21)
E22: =IF(A22="","",A22&"|"&B22)
E23: =IF(A23="","",A23&"|"&B23)
... E60: =IF(A60="","",A60&"|"&B60)

Sheet Data dictionary
A1: Column | B1: Status | C1: Format / allowed values | D1: Example | E1: Notes
A2: site | B2: Required | C2: Pick from the list (Lists sheet) | D2: Coats | E2: One site per sheet. A new site must be added to the database before its data are uploaded.
A3: subsite | B3: Required | C3: Pick from the list for the chosen site (Lists sheet) | D3: Coats West | E3: Where a site has no subsites, the subsite repeats the site name (e.g. CGM, PLI). A new subsite must be added to the database before its data are uploaded.
A4: dep_lon | B4: Required | C4: Decimal degrees, west is negative | D4: -82.01000 | E4: Filled in automatically from the Lists sheet once site and subsite are chosen. Type over it to enter the measured position. Cannot be blank.
A5: dep_lat | B5: Required | C5: Decimal degrees, south is negative | D5: 62.95000 | E5: Filled in automatically from the Lists sheet once site and subsite are chosen. Type over it to enter the measured position. Cannot be blank.
A6: species | B6: Required | C6: Pick from the list (Lists sheet) | D6: TBMU | E6: A new species must be added to the database before its data are uploaded.
A7: metal_band | B7: Required | C7: 8 or 9 digits, numbers only | D7: 123456789 | E7: No dashes or spaces.
A8: colour_band | B8: Required (can be blank) | C8: Text code | D8: X/M-X/R | E8: Leave blank if the bird has no colour band.
A9: nest | B9: Optional | C9: Text | D9: N042
A10: time_released | B10: Required | C10: yyyy-mm-dd hh:mm, 24-hour, local time at the site | D10: 2026-10-14 09:30 | E10: Time of release with the logger. The time zone is given once when the sheet is processed in R, not in the sheet.
A11: status_on | B11: Optional | C11: E, C, FB, NB, PB or J | D11: E | E11: Breeding status at release: E eggs, C chicks, FB failed-breeder, NB non-breeder, PB pre-breeder, J juvenile.
A12: mass_on | B12: Optional | C12: Grams | D12: 410 | E12: Bird mass at release.
A13: fed_unfed | B13: Middleton kittiwakes only | C13: fed, unfed or semi | D13: fed | E13: Only for black-legged kittiwakes at Middleton. Leave blank for everything else.
A14: gps_id | B14: Logger ID | C14: Text | D14: A12 | E14: GPS logger ID, if used. An Axy-trek records GPS, TDR and ACC, so enter its ID in gps_id, tdr_id and acc_id.
A15: tdr_id | B15: Logger ID | C15: Text | D15: A12 | E15: TDR (depth and temperature) logger ID, if used.
A16: acc_id | B16: Logger ID | C16: Text | D16: A12 | E16: Accelerometer logger ID, if used.
A17: gls_id | B17: Logger ID | C17: Text | E17: Geolocator (GLS) logger ID, if used.
A18: mag_id | B18: Logger ID | C18: Text | E18: Magnetometer logger ID, if used.
A19: cam_id | B19: Logger ID | C19: Text | E19: Camera logger ID, if used.
A20: hrl_id | B20: Logger ID | C20: Text | E20: Heart rate logger ID, if used.
A21: dep_id | B21: Required | C21: <loggerid>_<metalband>_<yyyymmdd> | D21: A12_123456789_20261014 | E21: Filled in automatically from the first logger ID, the metal_band and the local release date; type over it to change it. Unique across the whole program. For loggers where each deployment generates its own file (e.g. Axy-trek or Cattrack), the file name must contain the dep_id.
A22: time_recaptured | B22: Required for recovered loggers | C22: Same format as time_released | D22: 2026-10-20 14:05 | E22: Must be filled for loggers that have to be recovered (e.g. Axy-trek). May be blank for remote-download loggers (e.g. Ecotone); all data after release are then kept.
A23: status_off | B23: Optional | C23: E, C, FB, NB, PB or J | D23: E | E23: Breeding status at recapture (same codes).
A24: mass_off | B24: Optional | C24: Grams | D24: 402 | E24: Bird mass at recapture.
A25: exclude | B25: Optional | C25: Free text | D25: bad depth data | E25: Flag treatments or problems that make the data unsuitable for other analyses (e.g. Handicapped, Wing-clipped, bad depth data). Leave blank otherwise.
